,ID,Formula,Bulk Modulus
0,mp-1,Cs,1.712808041
1,mp-1001011,TaO3,187.8441006
2,mp-1001788,ZrB6,179.2738819
3,mp-1001835,LiB,69.46379945
4,mp-10021,Ga,49.13067004
5,mp-1007760,Ge,58.95421864
6,mp-1007866,F2,4.524658506
7,mp-1008500,BaO,66.65311053
8,mp-1008568,ZrTi2,105.3345133
9,mp-1008677,TiO2,250.2731453
10,mp-1009083,MgSnP2,56.90153294
11,mp-1009129,MgO,139.1382209
12,mp-1009490,O2,2.634822328
13,mp-1009813,SiSn,58.70163718
14,mp-10139,Sc3SnB,82.69104551
15,mp-1014013,P,2.409473113
16,mp-1014212,Si,93.78578319
17,mp-10148,InSb,44.77086592
18,mp-10149,InSb,49.87006852
19,mp-10161,KZnSb,23.97848605
20,mp-10162,La3Si2,57.7303676
21,mp-1017,Zr3O,133.9678864
22,mp-10172,Na,8.735677436
23,mp-10173,Li,13.83238078
24,mp-1018100,AlSb,49.15173822
25,mp-10182,LiZnP,65.31398304
26,mp-1019544,BaZrO3,142.9757887
27,mp-1019584,CaAl2SiO6,126.5246495
28,mp-1019612,Cs4ZnO3,18.40149328
29,mp-10212,ScGe2,80.50528798
30,mp-10219,YOF,123.940986
31,mp-1023923,O2,2.363388183
32,mp-1025170,Ti3B4,224.7979905
33,mp-1025456,CaZrF6,56.98615092
34,mp-1029,BaF2,54.42955274
35,mp-103,Hf,107.9725319
36,mp-10390,Ta2O5,129.0396207
37,mp-104,Sb,35.55242727
38,mp-1042,HfSi,152.6547424
39,mp-10435,Y(AlSi)2,76.96407083
40,mp-10455,YTiGe,84.49518407
41,mp-10521,Y(AlGe)2,71.32991253
42,mp-10527,Y2AlSi2,84.14344195
43,mp-10614,SrLiP,42.89241879
44,mp-10615,BaLiP,37.76834155
45,mp-10630,Sb,58.23929262
46,mp-10635,SnSb,50.13337156
47,mp-10649,Si,85.4851026
48,mp-10669,Ba3(AlGe)2,33.26892458
49,mp-1067,LiAl,49.79439569
50,mp-10670,Ca3(AlGe)2,46.68804016
51,mp-10671,Sr3(AlGe)2,40.5862518
52,mp-10676,Sc2AlSi2,101.5157564
53,mp-1069,HfSi2,131.919118
54,mp-10694,ScF3,88.80316027
55,mp-10734,Ti4O5,207.0204223
56,mp-10890,LiAl3,64.08862024
57,mp-109,Si,98.7895132
58,mp-110,Mg,35.63610617
59,mp-11025,ZnP2,68.20505896
60,mp-1104,LaMg,34.64475697
61,mp-1105,BaO2,66.77762266
62,mp-1108,TaB2,302.2991081
63,mp-11192,TaSi2,184.643074
64,mp-112,Y,41.34643039
65,mp-11220,Sc2Al,70.28572075
66,mp-11228,YAl,59.58313418
67,mp-11229,YAl,64.87707148
68,mp-11230,Y2Al,54.61876939
69,mp-11231,YAl3,76.31744648
70,mp-11233,ZrAl,108.2698713
71,mp-1124,MgZn2,63.74910492
72,mp-11284,CaGa2,46.98052303
73,mp-11290,CaSn3,43.35358961
74,mp-11322,ZrSi,142.0912319
75,mp-11345,ZrP,134.3839271
76,mp-1138,LiF,69.88150379
77,mp-11387,HfGa3,102.3116335
78,mp-11411,ScGa,75.62385783
79,mp-11412,ScGa2,80.10048373
80,mp-11413,ScGa2,73.94637522
81,mp-1143,Al2O3,231.8769888
82,mp-11441,Hf2Ga3,116.6738501
83,mp-11445,Y(TiGa2)2,95.20266229
84,mp-1145,TiB2,253.291638
85,mp-1147,Ti3O5,171.3654384
86,mp-11490,Li2ZnSn,37.57849493
87,mp-11499,YMg2,42.84439706
88,mp-1156,GaSb,44.65379386
89,mp-11566,ScZn,75.19043063
90,mp-11567,ScZn12,80.8823722
91,mp-11571,YSn3,61.92559383
92,mp-11644,Li2Ca,15.98497755
93,mp-11649,Ca3SiO,58.31543353
94,mp-11684,SiO2,103.2635265
95,mp-11697,TaSb2,101.896943
96,mp-117,Sn,38.48975875
97,mp-11718,RbF,23.596016
98,mp-11736,ZrSiO4,221.9835757
99,mp-11737,Li4SiO4,79.51283381
100,mp-1174,MgSc,48.41873622
101,mp-11750,Ti6Si2B,148.8653364
102,mp-118,P,1.384687301
103,mp-11809,TiAl2,108.1747011
104,mp-11818,BaZnGe,39.72242599
105,mp-1203,TiO,194.9173563
106,mp-12105,RbO2,20.7669822
107,mp-12137,Ca(ZnSi)2,70.02518374
108,mp-1215,Ti2O,183.7850283
109,mp-1219,BaGa2,35.23266227
110,mp-122,Ba,8.856822897
111,mp-12385,Ba2YTaO6,133.6445089
112,mp-12403,LiBF4,10.82763034
113,mp-12411,Li2ZnGe,48.40539725
114,mp-12467,Ca5Sb3,36.48261664
115,mp-1249,MgF2,94.59107175
116,mp-12533,La2Hf2O7,164.8165474
117,mp-12628,Rb,2.80563311
118,mp-1265,MgO,151.4974341
119,mp-12657,HfAl2,120.2751915
120,mp-12684,LaAl,52.87273386
121,mp-127,Na,7.512214998
122,mp-12724,SrZn,24.18770955
123,mp-12752,Zr4Al3,108.1282594
124,mp-12769,YSi2,84.83718823
125,mp-12772,Hf2Al,113.2198987
126,mp-12773,Zr2Al,100.1124991
127,mp-1278,Zr2Si,126.2028532
128,mp-12863,Ba(AlSi)2,42.06202314
129,mp-12867,SrSnO3,139.4155716
130,mp-12892,CaSi2,52.65019697
131,mp-12957,O2,5.678240994
132,mp-12992,BaTiO3,104.2202988
133,mp-13010,YSn2,58.12255691
134,mp-13061,Y2O3,139.688052
135,mp-13090,YMgAl,57.44004771
136,mp-131,Zr,94.12933872
137,mp-13108,SrHfO3,152.285452
138,mp-13109,SrHfO3,156.3945625
139,mp-13134,Ga2O3,163.0361264
140,mp-1314,Li12Si7,36.08877245
141,mp-13149,BaAlSi,48.63772527
142,mp-13160,YZnGe,76.29804361
143,mp-132,Ca,17.49250675
144,mp-13272,BaAlGe,43.6347969
145,mp-13276,SrLiP,44.29971812
146,mp-13277,BaLiP,39.33309745
147,mp-13311,SrAlGe,46.58620581
148,mp-13334,ZnSnO3,165.438163
149,mp-13364,CaZn2,47.75387722
150,mp-13365,SrZn2,35.31027981
151,mp-134,Al,83.27702047
152,mp-1342,BaO,68.35650846
153,mp-13444,LiSn,36.36506361
154,mp-13450,HfSb,101.011188
155,mp-1346,B6O,226.9974443
156,mp-135,Li,14.01287697
157,mp-13503,ScZn2,81.40629511
158,mp-13520,Na2ZnGe,23.01040617
159,mp-13570,Mg(ScGa)2,69.90446747
160,mp-1367,Mg2Si,52.85557908
161,mp-13683,HfGe2,112.6590395
162,mp-137,Ge,52.95777647
163,mp-13725,Li3PO4,70.24959742
164,mp-139,Sr,11.47397636
165,mp-13903,ZnSnF6,23.48298428
166,mp-13911,Ca(ZnGe)2,59.0362957
167,mp-13920,Ba(ZnSn)2,43.57922766
168,mp-1394,Rb2O,22.82312184
169,mp-13946,Rb2ZrF6,21.94336397
170,mp-13947,Rb2HfF6,21.89236168
171,mp-13948,Cs2HfF6,20.31402429
172,mp-140,Ga,49.36633662
173,mp-1401,ZrZn2,102.133517
174,mp-14024,Zr3O,132.2706235
175,mp-14069,CsAlO2,92.88616797
176,mp-14070,RbAlO2,92.20431557
177,mp-1412,Ti3Sb,119.8223791
178,mp-14142,TiZnO3,170.6852412
179,mp-14168,K2GeF6,23.11099124
180,mp-142,Ga,49.66627556
181,mp-14208,LiYSi,62.0891695
182,mp-1439,TiO2,203.7628832
183,mp-1441,CsO2,17.67480312
184,mp-14568,BaMgF4,57.35903147
185,mp-14587,ZnP4,61.37130873
186,mp-14600,CaAl2O4,74.05801983
187,mp-14628,ZnSnO3,144.0251622
188,mp-1471,Zr3Al,100.9805186
189,mp-1472,ZrB2,237.932918
190,mp-1477,BaSi2,31.15701447
191,mp-1479,BP,160.5181142
192,mp-1482,Zr2Al3,107.9016465
193,mp-149,Si,83.01128367
194,mp-15113,Na2Si3O7,100.0925222
195,mp-1515,ZrSi2,124.6804954
196,mp-1523,ZrP2,126.6201702
197,mp-153,Mg,36.65126873
198,mp-15316,SrMgF4,55.43774374
199,mp-15397,Ti7Al2O15,196.9444337
200,mp-1542,YB2,163.6841934
201,mp-1550,AlP,85.17136893
202,mp-15621,AlSb,48.89332544
203,mp-1563,CaSi,53.26869169
204,mp-15641,CaMgGe,46.82941178
205,mp-15642,SrMgSi,42.98081668
206,mp-15643,SrMgGe,39.88285132
207,mp-1565,ZrO2,234.7359915
208,mp-157,P,20.88068574
209,mp-15724,KNa2Sb,19.50676154
210,mp-15901,Li2LaTa2O7,111.9679287
211,mp-15964,Hf3Sb,114.0366712
212,mp-15965,Hf5Si3,141.4174708
213,mp-1598,Na3P,25.59876221
214,mp-160,B,211.3489844
215,mp-16220,Si,61.90449499
216,mp-16263,CaZnGe,49.30119921
217,mp-16266,CaZnSi,54.73355746
218,mp-16293,KSbO3,112.4958171
219,mp-16343,LiInGe,42.96507701
220,mp-1638,SrAl2,48.41168102
221,mp-165,Si,88.97075682
222,mp-16506,Li3Al2,39.26641302
223,mp-16548,ZrTiF6,84.78928003
224,mp-16723,Y3Al2,58.45904525
225,mp-168,Si,83.34494985
226,mp-16828,Li3B7O12,63.12237506
227,mp-1705,Sb2O5,126.8502741
228,mp-1725,CaZn2,44.50458607
229,mp-1727,SrSi2,53.51330393
230,mp-17275,SrY2O4,112.3691042
231,mp-1734,CaZn5,61.28282438
232,mp-1746,MgF2,102.9160092
233,mp-17481,Mg4Ta2O9,148.7262897
234,mp-1749,CaAl4,56.92250591
235,mp-17639,Y2Zn17,80.72907093
236,mp-17659,Mg23Al30,55.72523136
237,mp-17695,Sc5Sn3,72.01253583
238,mp-1784,CsF,21.1916592
239,mp-1818,SiF4,4.934290234
240,mp-1823,Ti3Al,115.2179239
241,mp-18288,Ti(SnO2)2,64.12047489
242,mp-18300,Ca3AlSb3,37.88555345
243,mp-18345,La5Si4,57.53981516
244,mp-1840,TiO2,191.1240211
245,mp-1860,LaSi,68.53787112
246,mp-1866,KO2,24.52389259
247,mp-1873,ZnF2,98.49302674
248,mp-1880,SbF3,14.74783772
249,mp-1903,BaAl4,50.96427171
250,mp-1909,LaMg2,36.35810301
251,mp-1914,YGa2,73.35054528
252,mp-1934,LiZn,42.3568468
253,mp-1935,BaMg2,21.58914658
254,mp-1938,Al2O3,230.8593106
255,mp-1953,TiAl,115.0534342
256,mp-1960,Li2O,78.1302948
257,mp-1968,La2O3,115.743345
258,mp-19713,Sc3In,63.4611283
259,mp-19726,Sc3InB,78.62395174
260,mp-19761,LaGe2,64.94486926
261,mp-19784,In2Si2O7,227.6011129
262,mp-1986,ZnO,126.9824752
263,mp-1989,Ta5Si3,214.7113732
264,mp-1994,HfB2,250.8888602
265,mp-19990,BaTiO3,95.55755004
266,mp-20012,InSb,35.39321186
267,mp-20050,InP3,50.756946
268,mp-20327,TiP2,130.9935528
269,mp-20351,InP,59.46441797
270,mp-20382,Ti6Sn5,104.9786963
271,mp-20539,ScIn3,56.34901181
272,mp-20566,MgIn3,40.06911028
273,mp-20581,Ca3In,24.99675838
274,mp-2062,LaSi2,77.53835499
275,mp-20695,Zr3In,96.69946305
276,mp-2071,Zn3P2,65.08038117
277,mp-20800,ZrIn2,83.01998476
278,mp-20847,Ti5Sn3,106.7000564
279,mp-2097,SnO,32.27493137
280,mp-20987,YZnSn,64.26682204
281,mp-21030,Ti3Sn,117.1337533
282,mp-2105,Hf3Si2,144.9495808
283,mp-2108,Ti5Si3,138.9600469
284,mp-21104,Hf5Sn3,113.461897
285,mp-2121,ScAl3,84.29253598
286,mp-21289,TiZn3,95.87921319
287,mp-21294,Y2In,53.12359356
288,mp-21328,HfSn,102.1156516
289,mp-2133,ZnO,129.6406481
290,mp-21345,LaGe,64.01094984
291,mp-2136,Sb2O3,19.11386297
292,mp-215,YSb,61.66647791
293,mp-21503,YMgIn,53.93763934
294,mp-2151,Mg17Al12,49.6701647
295,mp-216,Sc2O3,167.5755719
296,mp-2173,P2O5,37.92537668
297,mp-2180,HfSb2,84.17649978
298,mp-2187,TiSb,89.26815865
299,mp-22033,Ti5Sb3,110.9105315
300,mp-22050,Hf2In5,71.88575638
301,mp-22179,YTiSi,89.45376046
302,mp-22212,NaSbO3,128.847915
303,mp-22220,LaLuO3,145.8569919
304,mp-2229,ZnO,172.3617867
305,mp-22318,SrAl2,44.76651061
306,mp-22323,In2O3,151.0039997
307,mp-22447,Zr3P,125.3391608
308,mp-2252,ScB2,191.3262499
309,mp-2254,Al2O3,201.4876655
310,mp-22598,In2O3,145.1814627
311,mp-22735,Ca2Sn,28.93709638
312,mp-230,SbO2,91.85498907
313,mp-2306,LaMg3,36.98482759
314,mp-2313,MgIn,39.75709464
315,mp-2322,YAl2,79.60995906
316,mp-2327,TiZn16,78.94729526
317,mp-2340,Na2O2,48.97014879
318,mp-2343,Mg2Sn,40.7644534
319,mp-2352,Na2O,45.63696157
320,mp-2361,Hf5Al3,110.9768678
321,mp-2398,ScSn2,64.04253562
322,mp-2404,CaAl2,56.46385601
323,mp-2430,ZrGe2,107.2308113
324,mp-2432,CaMg2,29.96806273
325,mp-2450,CaSn,38.03292248
326,mp-2451,YAl3,72.28783317
327,mp-2452,P2O5,39.65647916
328,mp-246,TiF3,103.6842232
329,mp-2472,SrO,87.42517203
330,mp-249,HfAl,117.1269496
331,mp-2490,GaP,76.18684987
332,mp-250,Mg2Ge,41.52499233
333,mp-2516,YZn,59.8049609
334,mp-2517,Ca2Si,36.71050403
335,mp-25262,TiO2,106.3335973
336,mp-25417,LiTiO2,132.9949304
337,mp-25433,TiO2,48.99708351
338,mp-2557,Zr2Al,103.221625
339,mp-2564,SrMg,19.07086732
340,mp-2572,SrMg2,25.71251463
341,mp-2574,ZrO2,168.6405188
342,mp-2582,TiSi2,142.5423545
343,mp-2589,MgO2,129.0968827
344,mp-2598,Ta5Sb4,106.6887818
345,mp-26,La,24.88388842
346,mp-2605,CaO,105.0070582
347,mp-2614,HfAl3,106.7372904
348,mp-2624,AlSb,49.20318081
349,mp-2646,Mg3Sb2,42.20835623
350,mp-2649,Zr5Sb3,104.6172543
351,mp-2652,Y2O3,137.734882
352,mp-2657,TiO2,209.1035319
353,mp-2664,TiO,224.2207837
354,mp-2672,K2O2,31.76231706
355,mp-2680,LaB6,173.8756416
356,mp-2697,SrO2,71.39312611
357,mp-27,Si,82.80949877
358,mp-2700,CaSi2,62.56040615
359,mp-2706,SnF4,35.69280968
360,mp-27219,Mg(SbO2)2,48.54885566
361,mp-27275,Li3BO3,72.85338979
362,mp-2731,TiGa3,99.70290209
363,mp-27315,CaTiF6,58.37707264
364,mp-27335,NaAlSi,41.31547099
365,mp-2741,CaF2,76.54559137
366,mp-27579,Na4P2O7,45.53831287
367,mp-2767,TiGa,114.717076
368,mp-27705,Li2Si,33.18496697
369,mp-2772,ZrAl2,113.4608528
370,mp-2775,SrAl4,53.23524925
371,mp-2783,Ta2Si,215.3836825
372,mp-27888,Zr3GeO8,196.3504379
373,mp-27930,Li7Si2,32.58788097
374,mp-27932,Li9Ge4,33.75486718
375,mp-2807,ScP,97.57368203
376,mp-282,TiF2,109.2136836
377,mp-28232,MgTi2O5,161.7460085
378,mp-28336,Li3P7,24.33831067
379,mp-28395,B6P,199.3294469
380,mp-28549,Li8SiO6,81.21516689
381,mp-2858,ZrO2,183.0512876
382,mp-2879,SrSnO3,137.6027066
383,mp-2895,Mg2SiO4,119.2775029
384,mp-2910,KAlF4,46.32619878
385,mp-2920,LaAlO3,181.0832673
386,mp-2931,Li2TiO3,110.2071241
387,mp-29356,NaTi2O4,143.9187363
388,mp-29374,KGaSb4,21.35047663
389,mp-29455,Ga4GeO8,152.0486528
390,mp-2955,NaMgF3,69.62190018
391,mp-29736,YAlGe,79.97704701
392,mp-2998,BaTiO3,163.2112795
393,mp-30175,Ca(AlZn)2,61.38686137
394,mp-303,BaZn5,47.73448117
395,mp-3031,BaSi2O5,56.13687508
396,mp-3032,RbBF4,17.032734
397,mp-3033,RbTaO3,68.76026513
398,mp-30338,Y3Al,49.33241558
399,mp-30435,BaZn2,26.9400056
400,mp-30477,LiCaSn,32.80821015
401,mp-30483,CaZn,32.26012916
402,mp-30485,Ca3Zn,22.13118527
403,mp-30572,Hf2Ga,118.9926747
404,mp-306,B2O3,33.1776863
405,mp-30648,LiMg2Ga,41.56055789
406,mp-30651,MgGa2,50.11272574
407,mp-30671,Ti2Ga,120.8488189
408,mp-30672,Ti3Ga,117.9990968
409,mp-30682,ZrGa,113.9281123
410,mp-30683,ZrGa2,99.77553645
411,mp-30684,Zr3Ga2,111.8167101
412,mp-30685,ZrGa3,97.10074583
413,mp-30686,Zr2Ga3,110.7286665
414,mp-30766,Li5Sn2,30.72297231
415,mp-30767,Li7Sn2,27.62309891
416,mp-30768,Li7Sn3,30.53229897
417,mp-30769,Li13Sn5,29.6287689
418,mp-30780,SrMgSn,35.90390109
419,mp-30784,Mg2Zn11,67.27562128
420,mp-30871,Ta3Sn,178.6599732
421,mp-30875,Ti2Sn,115.3654474
422,mp-30876,Zr3Sn,102.5504313
423,mp-30882,TiZn2,105.9856529
424,mp-30884,YZn3,71.41209966
425,mp-30885,YZn5,78.74630396
426,mp-30886,YZn12,78.74341884
427,mp-3094,SrAl2O4,81.18641551
428,mp-31059,Ba(AlGe)2,41.91367118
429,mp-3107,Ga3PO7,150.1214333
430,mp-31080,YAlSi,88.44270169
431,mp-31086,NaP5,35.28834402
432,mp-31116,LaScO3,154.0800306
433,mp-31147,BaZnSi,43.93357082
434,mp-31148,BaZnSn,34.54577155
435,mp-31160,CaZnSn,46.16295536
436,mp-31212,K2MgF4,46.74536118
437,mp-31326,Mg2In,39.92747292
438,mp-31348,Sc2In,65.01425877
439,mp-31379,Zr2Sb,106.4531978
440,mp-3138,Na8SnSb4,18.15642539
441,mp-31438,YZrSb,80.08935513
442,mp-3161,LiAlSi,62.99253445
443,mp-3163,BaSnO3,133.9595424
444,mp-3173,CaAlSi,57.09319512
445,mp-32,Ge,58.97784213
446,mp-32570,Al2O3,196.6123924
447,mp-33032,La2O3,101.6931155
448,mp-331,ScAl,78.18779381
449,mp-3323,SrZrO3,152.9320682
450,mp-334,LaF3,100.720352
451,mp-3349,Sr3Ti2O7,140.2258808
452,mp-3359,Ba2SnO4,95.98002234
453,mp-3378,SrHfO3,156.7335776
454,mp-3397,Ba2TiO4,63.86732644
455,mp-33997,TaO2F,183.3725932
456,mp-34,Si,108.7648593
457,mp-3416,Na3AlF6,50.92023807
458,mp-3427,LiAlO2,93.42796313
459,mp-3448,KMgF3,64.07587783
460,mp-345,HfB,174.7812471
461,mp-34579,Na3HfF7,40.27826052
462,mp-34688,TiO2,181.9966232
463,mp-3470,MgSiO3,96.40247455
464,mp-34903,MgGeP2,64.4668049
465,mp-34993,LiAlO2,153.5743538
466,mp-352,HfO2,204.5734326
467,mp-3521,NaBF4,25.7876849
468,mp-3536,MgAl2O4,180.3755913
469,mp-3589,BPO4,60.33753875
470,mp-36,Sc,51.29593443
471,mp-36111,LiMgP,55.12535762
472,mp-3635,LiBO2,59.9037425
473,mp-3637,YOF,131.4231436
474,mp-365,MgB4,159.2201728
475,mp-3654,RbCaF3,45.86463369
476,mp-3660,LiB3O5,82.32164172
477,mp-3666,LiTaO3,123.2680488
478,mp-368,P2O3,2.702027738
479,mp-36864,Li2TiO3,123.125505
480,mp-3698,SrAlSi,52.28777882
481,mp-3700,LiYF4,78.21386852
482,mp-3721,SrHfO3,155.8861575
483,mp-37473,TiOF2,134.2866656
484,mp-3759,MgGeO3,164.1770474
485,mp-37657,Ca3SiO5,95.42980309
486,mp-3771,MgTiO3,162.5160515
487,mp-3792,YAlO3,189.7995325
488,mp-38194,YOF,141.7904492
489,mp-38280,LiTiO2,170.7405587
490,mp-3833,Mg(AlSi)2,63.99429923
491,mp-3834,BaZrO3,148.8673336
492,mp-384,MgP4,57.76690961
493,mp-3862,Ca(AlGe)2,57.58760211
494,mp-3881,BaZnF4,56.76199345
495,mp-3889,NaBO2,45.81722153
496,mp-390,TiO2,179.321508
497,mp-395,ZrAl3,102.8388736
498,mp-3955,AlPO4,29.44259777
499,mp-3970,K2TiF6,26.75592201
500,mp-3998,LaTaO4,120.2019064
501,mp-4002,Li2ZrF6,57.87822754
502,mp-4019,CaTiO3,171.9945579
503,mp-4051,AlPO4,9.388007498
504,mp-4056,CaSc2O4,143.7699967
505,mp-408,Mg2Ge,49.84221385
506,mp-41,Zr,89.09561048
507,mp-4117,Li2Si2O5,78.80539404
508,mp-4156,Li2ZrO3,100.8645636
509,mp-4163,Ca3Ti2O7,129.8118705
510,mp-4175,ZnSnP2,63.76946478
511,mp-4180,Ca2SiO4,95.84272055
512,mp-42,Ta,195.3060175
513,mp-4200,ScPO4,149.5346073
514,mp-4236,BaZnO2,83.06882794
515,mp-4247,NaZnSb,29.59874241
516,mp-4287,Sr2SnO4,106.4639096
517,mp-430,TiO2,151.6174524
518,mp-4321,MgSiO3,98.29129037
519,mp-4391,MgSiO3,199.5079205
520,mp-4428,CaSiO3,75.48055826
521,mp-4429,CaSiO3,92.53968948
522,mp-4438,CaSnO3,143.2923839
523,mp-4471,ScAlO3,206.1050099
524,mp-4481,Ca2SiO4,89.62173423
525,mp-4499,MgAlSi,68.20486878
526,mp-45,Ca,17.00516907
527,mp-451,ZrB,158.2507579
528,mp-4524,ZnGeP2,74.92337409
529,mp-4533,Na2SiO3,61.98168223
530,mp-4551,SrHfO3,163.2373836
531,mp-4571,CaZrO3,148.2552951
532,mp-458,Ti2O3,215.7123043
533,mp-4590,Mg(GaO2)2,162.4151196
534,mp-46,Ti,112.976929
535,mp-4608,KPF6,18.04404663
536,mp-463,KF,28.8691432
537,mp-4651,SrTiO3,168.4715734
538,mp-4661,ScOF,141.2152072
539,mp-4662,ScOF,103.7696613
540,mp-4673,SrHfO3,154.6362045
541,mp-468,AlF3,45.11123795
542,mp-4699,NaTaO3,129.5807525
543,mp-470,GeO2,205.74341
544,mp-473,Na3P11,13.42492643
545,mp-4753,Al2SiO5,142.2930705
546,mp-4756,ZnSnSb2,40.40913014
547,mp-4763,ZnSiP2,84.85419284
548,mp-4779,Li2B4O7,40.57316573
549,mp-4820,ZrSiO4,203.4995247
550,mp-4824,NaZnP,44.10297066
551,mp-4864,CaMgSn,40.36381342
552,mp-4867,CaAl4O7,114.367184
553,mp-4875,GdTaO4,139.8143167
554,mp-4930,TiAl2O5,183.3671884
555,mp-496,SrSi2,58.31310051
556,mp-50,Ta,193.7051504
557,mp-5012,Li2SiO3,75.69164897
558,mp-5020,BaTiO3,95.07892731
559,mp-5042,YTiGe,87.26802339
560,mp-504659,Hf2P,148.8263702
561,mp-505527,Ti5Si4,142.1856475
562,mp-5077,NaLi2Sb,29.41397618
563,mp-5078,SrZnF4,60.78964594
564,mp-51,Li,13.860513
565,mp-5104,CaZnF4,67.52124435
566,mp-510430,Li13In3,23.2751478
567,mp-510691,Hf5Sn4,111.7007848
568,mp-5122,Na3AlP2,28.29960876
569,mp-5137,Zr2SbP,113.2382823
570,mp-514,HfZn2,113.1587498
571,mp-5152,La2SiO5,98.22177232
572,mp-517,TaSi2,185.5649053
573,mp-5223,GdAlO3,184.6487698
574,mp-5229,SrTiO3,172.7384426
575,mp-5244,Ti2SbP,114.2523733
576,mp-5259,RbAlF4,41.94830124
577,mp-530274,Al23B50,185.6159862
578,mp-530399,LiAl5O8,196.2211729
579,mp-5347,KAlF4,57.37337895
580,mp-5373,Y2Ti2O7,186.4823695
581,mp-5388,Zn(SbO2)2,44.28496211
582,mp-5409,Y4Al2O9,132.2901507
583,mp-541,Ta3Sb,185.2386358
584,mp-542090,Na4Al3(SiO4)3,27.86336571
585,mp-5427,Mg2P2O7,116.4608842
586,mp-542854,Mg9Si5,58.64441239
587,mp-542915,TiAl3,107.4849107
588,mp-543001,Zr5Sn4,103.5596607
589,mp-545512,CaO,86.61378139
590,mp-545820,SnO,33.81093916
591,mp-545974,AlPO4,121.3623458
592,mp-546794,SiO2,27.29205459
593,mp-5473,CaMgSi,50.30273921
594,mp-5479,RbAlF4,55.92614218
595,mp-5489,LuTaO4,132.0497208
596,mp-549,ScSb,64.72998178
597,mp-549166,SiO2,26.36284978
598,mp-5492,SrAl2O4,79.30955684
599,mp-549706,MgO,112.0398345
600,mp-55,Sn,47.57984671
601,mp-550172,SnO2,171.8739339
602,mp-550893,HfO2,248.0066411
603,mp-550908,SrHfO3,156.1764419
604,mp-551,BaAl2,42.32584856
605,mp-5532,Sr2TiO4,126.9818819
606,mp-553432,TiO2,14.03254993
607,mp-553932,GaPO4,20.05486883
608,mp-553991,Ti(GaO2)4,150.6042313
609,mp-554089,SiO2,20.09448126
610,mp-554107,K2Na4Ge2O7,46.07984911
611,mp-554278,TiO2,180.8271996
612,mp-554573,SiO2,26.03666492
613,mp-554678,CaGe2O5,116.0932953
614,mp-555678,Na4Ti5O12,130.850194
615,mp-556605,ZrO2,190.1727313
616,mp-556788,SiO2,42.33344926
617,mp-556961,SiO2,15.73803238
618,mp-557713,Ba2LaTaO6,121.3241418
619,mp-557753,K3PO4,36.91469438
620,mp-557837,SiO2,19.47744275
621,mp-557873,SiO2,36.29554177
622,mp-558149,BF3,5.391348875
623,mp-558733,SiO2,264.8171521
624,mp-558781,ScTaO4,177.1473888
625,mp-5590,YMgGa,59.68700256
626,mp-559092,ScF3,90.78289029
627,mp-559390,CaAl2O4,75.57080529
628,mp-5594,Sc2Si2O7,158.9482731
629,mp-559598,LiScF4,85.63734812
630,mp-559691,Ca2Al2SiO7,102.4707344
631,mp-56,Ba,7.979308456
632,mp-560203,SiO2,54.92645465
633,mp-560236,MgF2,50.4709394
634,mp-560399,NaMgF3,70.41938609
635,mp-561203,F2,4.517990561
636,mp-561367,F2,5.301289792
637,mp-561442,Y2Hf2O7,170.8784323
638,mp-562468,TiF3,101.7680753
639,mp-5637,SrZnO2,90.11284638
640,mp-5652,Y2Si2O7,138.9397144
641,mp-5670,LiTi2O4,132.1194657
642,mp-567191,CaAlSi,55.37577789
643,mp-567220,Hf2SbP,123.5954937
644,mp-567308,Sc,45.8695185
645,mp-567337,Li,13.76144669
646,mp-567389,Li2ZnGe,42.93665258
647,mp-567412,Y5Sn3,62.46271743
648,mp-567510,BaSn2,32.76231301
649,mp-567705,TiAl2,108.5598611
650,mp-567772,Na,7.146442401
651,mp-567889,TiGe2,111.622125
652,mp-567982,TaSn2,103.2332044
653,mp-568,TiSb2,88.85072033
654,mp-568106,Mg41Al67,55.17958018
655,mp-568306,Mg5Si6,62.61080279
656,mp-568404,Li9Al4,31.27417532
657,mp-568718,HfAl3,106.0328947
658,mp-568866,Na6ZnSn2,16.16292745
659,mp-5690,GdScO3,161.7003068
660,mp-569073,LiSn,35.19581139
661,mp-569125,Mg3In,42.05145055
662,mp-569423,Ga,48.61517974
663,mp-569426,SrZn2,34.87461381
664,mp-569671,ZrSb,103.7085503
665,mp-569775,ZrAl3,100.2872787
666,mp-569788,LiZnGe,51.37956679
667,mp-569794,Ta,194.7514572
668,mp-569833,Zr2Ga,107.1079742
669,mp-569837,Ti3Sb,109.4093292
670,mp-569849,Li15Si4,29.95293649
671,mp-569857,K2P3,16.82393428
672,mp-570097,Sr(Li2P)2,42.29355769
673,mp-570150,CaAlSi,56.14412279
674,mp-570196,Zr5Sb4,106.3217379
675,mp-570276,ZrZn,107.4997383
676,mp-570287,Ta5Si3,211.0983177
677,mp-570428,Sc3In,61.84879301
678,mp-570578,ZrIn3,72.33678151
679,mp-570657,Mg2Si,43.83784563
680,mp-570677,Ba5Al5Sn,29.75759407
681,mp-570691,Ti3Sn,114.3096663
682,mp-571216,Sr3(AlGe2)2,45.76345395
683,mp-571443,SrMgIn3,35.53347789
684,mp-571520,Si,79.9999107
685,mp-572283,SiO2,89.54350341
686,mp-5724,AlPO4,20.12645117
687,mp-5733,CaSiO3,92.21365767
688,mp-5777,BaTiO3,97.27516386
689,mp-5784,Na2GeO3,53.18735077
690,mp-5794,Zn(GaO2)2,168.5307933
691,mp-58,K,3.722272067
692,mp-5827,CaTiO3,174.769432
693,mp-583266,MgZn,51.73726568
694,mp-5839,TiPO4,100.2561839
695,mp-5840,LiScO2,118.9670027
696,mp-5878,KZnF3,68.78847994
697,mp-5920,LiAlGe,60.95615486
698,mp-5924,MgSiO3,190.892595
699,mp-5929,Na5SiP3,30.10954717
700,mp-5933,BaTiO3,139.8347704
701,mp-5986,BaTiO3,105.5288231
702,mp-6008,Ca3Al2(SiO4)3,154.2072396
703,mp-603930,MgSiO3,104.3922201
704,mp-6094,Ca2MgSi2O7,85.44803847
705,mp-610917,O2,2.234975544
706,mp-615,YMg,41.07712603
707,mp-6304,Sr2GaSbO6,144.2737635
708,mp-6326,LiAlSiO4,113.4003604
709,mp-634859,CaO2,60.93059145
710,mp-635713,TiZnO3,63.8180141
711,mp-638,SrZn5,52.98076365
712,mp-638765,Al2O3,78.30026952
713,mp-639874,Ta2Al,161.9917266
714,mp-640266,Ca3Al2O6,91.92384134
715,mp-642363,Al2O3,193.1375636
716,mp-642855,Mg3Ge,22.77523152
717,mp-644481,ScO,174.444704
718,mp-644497,BaTiO3,23.08840793
719,mp-6473,Ca5P3O12F,82.62459717
720,mp-6493,CaMgSiO4,100.6957197
721,mp-649479,Ca5(InSb3)2,35.57674596
722,mp-6521,LiLaTiO4,120.7718818
723,mp-6613,Ba2YTaO6,137.8603597
724,mp-6668,LiTiPO5,96.00202949
725,mp-6669,Sr5P3O12F,74.51840165
726,mp-67,Sc,52.22816742
727,mp-672287,Li13Si4,32.48732561
728,mp-674334,Ca2SiO4,87.2205556
729,mp-675172,TaAlO4,212.3207519
730,mp-675734,Li7B18O,127.6558027
731,mp-676011,Si,66.31253731
732,mp-676512,Na3AlF6,49.70644715
733,mp-6766,CaMg(SiO3)2,101.7244535
734,mp-676861,AlSbO4,197.6583593
735,mp-677335,GaPO4,26.70547122
736,mp-6812,KBaPO4,53.61189086
737,mp-682,NaF,47.57678298
738,mp-684591,Al2O3,139.1077095
739,mp-684679,Sb6O13,119.1414335
740,mp-684709,K3B17,96.16482663
741,mp-685036,Al2O3,145.9384938
742,mp-685097,HfO2,209.5121228
743,mp-685194,Li4Ti5O12,107.8389995
744,mp-685991,Li5SiP3,35.32574727
745,mp-6908,YMgZn,54.62099694
746,mp-6914,CaGa,35.47142956
747,mp-6930,SiO2,26.79054881
748,mp-6931,Sr(AlSi)2,59.04617418
749,mp-6945,SiO2,12.87024483
750,mp-6947,SiO2,271.7202498
751,mp-6985,Ti,107.1116377
752,mp-6986,Ta,193.9625922
753,mp-70,Rb,2.786078816
754,mp-7000,SiO2,29.03132571
755,mp-7002,NaTiO2,98.35851862
756,mp-7029,SiO2,13.74491664
757,mp-7048,Al2O3,185.6509582
758,mp-7068,Sr3(AlSi)2,43.10647914
759,mp-7083,LaSi,66.48015091
760,mp-7089,KMgSb,22.60402844
761,mp-7090,NaMgSb,26.91213054
762,mp-7092,TiSi,145.859655
763,mp-7162,Sn,43.5593183
764,mp-7192,Sc2Sb,72.740025
765,mp-72,Ti,113.0783851
766,mp-73,Ti,105.4562171
767,mp-733,GeO2,37.73372549
768,mp-7339,BaSiO3,55.7419653
769,mp-7350,Li(YSi)2,67.92335788
770,mp-736,Li3P,39.86351151
771,mp-7376,Sr3(AlSn)2,36.40329565
772,mp-7377,Ba3(AlSn)2,31.02465217
773,mp-739,TiP,138.5426346
774,mp-7400,NaAlGe,36.21134569
775,mp-741,HfO2,224.9760332
776,mp-7426,Ba(ZnP)2,55.39597771
777,mp-7429,Ca(ZnSb)2,43.75039552
778,mp-7431,Sr(ZnSb)2,42.03195197
779,mp-7437,KZnP,36.08163999
780,mp-7438,KZnSb,23.79837325
781,mp-7440,NaP,27.82547175
782,mp-7457,SnF2,14.12700432
783,mp-752401,Rb2ZrO3,33.92951909
784,mp-752496,TiOF,155.388755
785,mp-752730,Ba2GeO4,64.04206637
786,mp-752826,Al2O3,165.9469654
787,mp-752953,ZrTi2O,133.5401137
788,mp-753,ZnSb,47.78765874
789,mp-753059,TiOF,36.86229612
790,mp-753197,HfTiO4,181.4285403
791,mp-753315,Mg3ZnO4,155.9889202
792,mp-753629,Zr2O,153.371
793,mp-753657,TiOF,187.9466639
794,mp-753708,TiOF,134.8436486
795,mp-753746,Rb2O,5.374945446
796,mp-753798,Rb2SnO3,42.69552562
797,mp-753802,Sc2Ti2O7,137.4199658
798,mp-7541,SnP3,42.62677585
799,mp-754128,Ba3Hf2O7,124.0448694
800,mp-754134,HfZrO4,204.3544613
801,mp-754150,La3GaO6,113.1401747
802,mp-754157,AlInO3,184.2459407
803,mp-754165,ScGaO3,178.9157306
804,mp-7542,GeP3,46.55289555
805,mp-754246,TiSnO3,26.12451078
806,mp-754333,TiO,228.473988
807,mp-754344,LiZnO2,104.2076331
808,mp-754363,Ba2HfO4,109.9035023
809,mp-754375,NaTi2O3,141.5731463
810,mp-754401,Al2O3,94.62943712
811,mp-754403,ZrO2,173.6137569
812,mp-754455,Sc2O3,140.6110311
813,mp-754478,HfZrO4,204.5846808
814,mp-754515,BaMgGe,32.7885594
815,mp-754531,Al2O3,106.646615
816,mp-754624,Al2O3,189.7762993
817,mp-754671,YScO2,114.6025425
818,mp-754672,TiO2,68.30527221
819,mp-754701,CaTiO3,135.2500324
820,mp-754741,ZrO2,109.3240379
821,mp-754759,Y2O3,137.6944606
822,mp-754812,Al2O3,130.3890397
823,mp-754826,CsScO2,63.36709514
824,mp-755000,LiTiO2,128.7038356
825,mp-755018,RbTaO3,106.3120297
826,mp-755066,Al2O3,181.8576572
827,mp-755071,SnO2,140.4699848
828,mp-755089,ZrO2,151.5629111
829,mp-755175,Al2O3,189.0510964
830,mp-755225,Li8ZrO6,94.34372366
831,mp-755253,LiZrO2,155.074357
832,mp-755264,TiO,236.7469369
833,mp-755300,TiO,207.0136962
834,mp-755313,Sc2O3,174.2887748
835,mp-755328,ZrSn2,86.51841113
836,mp-755352,Li2HfO3,106.1694099
837,mp-755483,Al2O3,212.7614217
838,mp-755759,ZrO2,213.1198629
839,mp-755769,ZrO2,159.1343053
840,mp-755875,Ti3O4,178.426684
841,mp-755895,Ba3Zr2O7,118.8267014
842,mp-756018,BaMgO2,78.81458533
843,mp-756214,YAlO3,191.4821773
844,mp-756297,ZnIn2O4,136.1851549
845,mp-756597,Li2HfO3,95.32948223
846,mp-757031,Mg2TiO4,146.7122741
847,mp-758006,Ca2SiO4,98.90499754
848,mp-758658,CaAl2(SiO4)2,83.38966784
849,mp-758933,B8O,204.7511782
850,mp-7595,GeF2,9.764693683
851,mp-759943,Al2O3,196.9018375
852,mp-76,Sr,12.06032896
853,mp-7603,Li2TiF6,49.28247666
854,mp-760376,KTiO3,54.67051672
855,mp-760396,TaAlO4,215.9710418
856,mp-760408,LiZnO2,97.33774762
857,mp-760439,TaTiO4,211.2145081
858,mp-760482,F2,2.305929164
859,mp-760539,Li2Ti3O6,107.081344
860,mp-761842,Hf3SnO8,181.4160821
861,mp-763,MgB2,148.4985963
862,mp-764648,LiTiO2,142.7411853
863,mp-7650,RbScO2,95.00692296
864,mp-766454,TiO2,154.9888568
865,mp-768305,Sr2HfO4,123.4101521
866,mp-768358,ScInO3,152.422759
867,mp-768479,YScO3,151.5697841
868,mp-768572,YAl3O6,50.58706422
869,mp-7700,SiB6,151.4253905
870,mp-770118,Ba3Ti2O7,86.12791419
871,mp-7704,Ca(AlSi)2,61.7816777
872,mp-770771,SrSc2O4,140.4332008
873,mp-7709,ZnF2,95.89498494
874,mp-770997,Li2HfO3,125.1644309
875,mp-773864,TiSnO4,164.9539797
876,mp-7739,Ba2ZnF6,57.41498084
877,mp-7748,NaAlO2,133.412192
878,mp-775757,HfO2,215.9145781
879,mp-775808,MgO,115.3508151
880,mp-775906,Y2O3,139.1100155
881,mp-775907,Y2O3,128.1171069
882,mp-775909,ZrO2,194.0020277
883,mp-775910,ZrO2,187.5871006
884,mp-775935,ZrO2,126.7012227
885,mp-776083,HfSnO3,25.77620656
886,mp-776097,HfO2,200.21103
887,mp-7761,Sb,65.46144403
888,mp-776404,ZrO2,195.3245364
889,mp-776456,Ti2O3,212.6155452
890,mp-776490,Al2O3,227.6913931
891,mp-776532,HfO2,217.0604567
892,mp-776911,MgO,115.4411301
893,mp-776952,Na2O,46.90241443
894,mp-778364,Na6Ti2O7,46.4532364
895,mp-779517,Sr3Hf2O7,135.685038
896,mp-78,Ge,62.20796496
897,mp-780260,TiGeO3,28.40081003
898,mp-7812,GeO2,23.38886518
899,mp-782035,Al2O3,15.97000838
900,mp-7822,Sc5Si3,89.09772476
901,mp-7848,AlPO4,25.78571249
902,mp-7857,TiB,207.1578602
903,mp-7863,Rb2Sn2O3,24.06674225
904,mp-7875,Ba(MgSi)2,49.33033391
905,mp-7876,Ba(MgGe)2,43.20805216
906,mp-79,Zn,66.66661515
907,mp-7903,Cs2ZrF6,20.86228373
908,mp-7914,NaScO2,104.0632947
909,mp-7931,SrP,44.55955777
910,mp-795,LiSi,52.04382773
911,mp-7955,Li3Sb,27.76190133
912,mp-7988,Cs2O,5.248282025
913,mp-8001,LiAlO2,142.0082031
914,mp-8039,AlF3,126.480338
915,mp-8042,ZrGeO4,201.651273
916,mp-8085,Mg3P2,57.05039239
917,mp-8098,InGaO3,169.8825432
918,mp-8110,AlBO3,204.5172588
919,mp-813,ScAl2,87.80571071
920,mp-8145,RbScO2,95.08371663
921,mp-8187,K2ZnO2,42.79331566
922,mp-8188,KScO2,97.59641337
923,mp-8276,Sr(ZnP)2,63.21221682
924,mp-8278,Ba(MgP)2,51.04702296
925,mp-8285,ZnGeO3,161.7645959
926,mp-8291,BaTiF6,48.68661773
927,mp-8335,Ba2ZrO4,106.234863
928,mp-8352,SiO2,147.0350081
929,mp-8372,CaSi2,59.68307344
930,mp-84,Sn,45.71105077
931,mp-8401,CsMgF3,63.62875735
932,mp-8402,RbMgF3,65.28140973
933,mp-8409,KYO2,79.67419625
934,mp-841,Li2O2,71.34686363
935,mp-8414,K2HfF6,14.40665753
936,mp-8415,K2HfF6,51.95294465
937,mp-8439,Ca5(AlSb3)2,39.20257928
938,mp-846,Hf2Al3,113.9473331
939,mp-8462,Hf3Al2,114.9917
940,mp-8484,ZnO2,143.8331976
941,mp-85,In,33.15474842
942,mp-850251,Na2Ti9O19,124.2312857
943,mp-8511,PF5,6.250174489
944,mp-856,SnO2,171.937217
945,mp-862,CaSi2,60.05681788
946,mp-862259,Sc3Al,64.20787984
947,mp-862260,ScZn3,77.22388839
948,mp-8624,K2Sn2O3,23.18005131
949,mp-862548,Sc2AlZn,76.13649272
950,mp-862555,LiY2Al,49.55130778
951,mp-862632,LiCa2Al,28.68427664
952,mp-862664,Rb2Zr2O5,81.70177227
953,mp-862679,TaZn2,151.579946
954,mp-8635,Zr,90.12674026
955,mp-8640,Hf,101.2427322
956,mp-864745,Na3ZrF8,40.87575336
957,mp-864762,LiMg2Zn,40.33093156
958,mp-864765,Na3HfF8,44.99382072
959,mp-864889,ZrZn3,100.4090598
960,mp-864937,Mg3Sc,43.21297927
961,mp-864941,MgSc2,49.40543481
962,mp-865,CaB6,149.1799557
963,mp-865376,YMg3,40.12903945
964,mp-865500,Na2Hf2O5,99.26985879
965,mp-865515,YMgZn2,58.61188426
966,mp-865527,YAl3,71.55681043
967,mp-865560,Y2AlZn,62.50807558
968,mp-865583,Y2Mg,41.49323188
969,mp-865602,Y2MgAl,54.9580899
970,mp-865604,Li5Mg,17.2247273
971,mp-865625,Na2MgSn,23.01501466
972,mp-865671,Y2ZnIn,61.22162887
973,mp-865747,Y2MgGe2,71.81072638
974,mp-865907,LiZn3,58.0631904
975,mp-865935,Li2MgSn,33.03747684
976,mp-865939,LiMg2,29.62838476
977,mp-865986,Li2CaGe,37.50953149
978,mp-866046,Ti3In,108.4025975
979,mp-866186,Ti3Zn,110.6519422
980,mp-866298,BaNaScSi2O7,87.73364743
981,mp-867126,Rb,2.754316501
982,mp-867133,Ba2Sc2O5,105.7784916
983,mp-867226,Li3In,25.14723687
984,mp-867242,Sc2ZnGa,78.17653613
985,mp-867300,Rb2Hf2O5,86.56455487
986,mp-867350,Ca2MgIn,30.44327664
987,mp-867744,LiTi3O4,193.536645
988,mp-8682,Ca2SiO4,151.7639219
989,mp-869,TaAl3,132.7914984
990,mp-8697,ScBO3,160.8949177
991,mp-8772,ScB12,217.7020165
992,mp-886,Ga2O3,155.3568247
993,mp-8861,Rb2MgF4,39.84795146
994,mp-8871,CsNa2BO3,46.50428876
995,mp-8880,AlP,82.88970372
996,mp-8882,GaP,76.43547851
997,mp-893,ZrSi,141.4549455
998,mp-902,BaZn,20.69660631
999,mp-9172,Li4TiO4,79.76133739
1000,mp-9173,TiO2,94.18297702
1001,mp-9177,Y2Al3Si2,86.07109888
1002,mp-92,Si,107.5687207
1003,mp-9212,NaAlO2,81.25775432
1004,mp-930,ZrP,134.3874691
1005,mp-932,ScGa3,72.66926483
1006,mp-944,AlB2,184.7489181
1007,mp-9486,K2AlF5,26.17856328
1008,mp-949028,Sn,31.79396686
1009,mp-95,Sr,11.54394688
1010,mp-9556,SrZnSi,49.22280647
1011,mp-9563,Li2Sb,31.91506562
1012,mp-9565,Ca(MgSb)2,38.94416583
1013,mp-9566,Sr(MgSb)2,38.67500564
1014,mp-9567,Ba(MgSb)2,36.07590735
1015,mp-9569,Ca(ZnP)2,66.90452802
1016,mp-9577,Ca3(AlSi)2,49.73922939
1017,mp-9578,Ba3(AlSi)2,35.17060471
1018,mp-9583,K2ZnF4,44.23568055
1019,mp-9588,LiP,40.54967912
1020,mp-9664,K3BP2,17.93482358
1021,mp-966800,InP,57.73010287
1022,mp-9690,Ca(AlGa)2,57.69897564
1023,mp-971,K2O,27.11615091
1024,mp-9716,TiBO3,178.9263669
1025,mp-971631,GaP,75.05880354
1026,mp-971661,Si,79.16510871
1027,mp-971662,Si,76.02794086
1028,mp-9719,Na2LiAlP2,40.22427523
1029,mp-971950,Zn3Sn,51.53532515
1030,mp-972088,Zr3Zn,93.76982756
1031,mp-972285,Sr3Li,11.41070886
1032,mp-972751,Si3Ge,90.08680585
1033,mp-972793,Si2B2O5,160.3093523
1034,mp-972965,GdF3,137.5327626
1035,mp-973024,La3Hf,39.27549867
1036,mp-973364,Mg,35.49905692
1037,mp-973374,LiMg2,28.22007122
1038,mp-973455,LiMg2,29.61769912
1039,mp-973614,K3Sn,9.472161676
1040,mp-974558,Na,7.845522321
1041,mp-975321,LiSi3,50.52281163
1042,mp-975868,Li3Al,26.37037781
1043,mp-975906,LiAl3,62.94339004
1044,mp-976023,Li3Ga,26.14920032
1045,mp-976139,Li3Mg,18.99754039
1046,mp-976239,LiMg,25.63141097
1047,mp-976254,Li3Mg,18.91765778
1048,mp-976256,Li3Mg,19.58009911
1049,mp-976262,LiMg,25.21674618
1050,mp-976424,LiLa3,25.3252677
1051,mp-976843,Li2Mg,243.1853333
1052,mp-976982,Li2Mg,21.02533084
1053,mp-977207,Li2Mg,20.58134217
1054,mp-977218,Li2Mg,20.53037142
1055,mp-977580,MgSc2Al,64.742247
1056,mp-978268,MgZn,50.62518933
1057,mp-978269,MgZn2,63.30163125
1058,mp-978270,MgZr3,79.91078008
1059,mp-978275,MgB7,183.759744
1060,mp-978496,SiB4,138.4101238
1061,mp-978534,SiGe,74.22609276
1062,mp-979,ZrSb2,81.10506879
1063,mp-979435,YMg2Sc,45.97613521
1064,mp-981,SrF2,65.02474193
1065,mp-981935,Li5Mg,17.30918655
1066,mp-985587,Al2O3,36.71362269
1067,mp-990440,Na2ZrO3,81.69394354
1068,mp-9918,LiGe,39.85290402
1069,mp-9919,LiZnSb,46.52381618
1070,mp-992,CaGa2,42.5697022
1071,mp-9938,Hf2Si,141.0716235
1072,mp-9939,Hf2Ge,132.6987171
1073,mp-995181,SnGe,4.707726224
1074,mp-995191,BaTiO3,23.09840114
1075,mp-9953,HfP,148.4763087
1076,mp-9969,ScSi,101.3268067
1077,mp-9970,ScGe,89.25757956
1078,mp-9972,YSi,89.41816126
1079,mp-997569,AlP,8.303022383
1080,mp-997590,La8MgAl7O24,184.2203562
1081,mp-997618,BSb,99.45536559
1082,mp-998552,BaHfO3,159.0215443
1083,mp-998883,Ge,58.44279279
1084,mp-998981,TiAl3,105.7983461
1085,mp-998988,Ti3Ga,108.3389034
1086,mp-999027,Ti3Al,110.2172018
1087,mp-999072,Ti2AlZn,96.42002928
1088,mp-999142,SnO,86.48611471
1089,mp-999200,Si,81.97524852
1090,mp-9996,SiP2,12.17851412
1091,mvc-10896,Ti2AlO4,207.937518
1092,mvc-11484,CaTiO3,171.9010222
1093,mvc-12484,CaTi2O4,157.1603166
1094,mvc-13239,TiF4,8.434872646
1095,mvc-14201,Ca3Sn2O7,128.9771047
1096,mvc-15350,Ca2Sn3O8,106.974437
1097,mvc-16396,Ca3AlSb3,37.86458289
1098,mvc-4299,Al(SnO2)2,128.2014
1099,mvc-4415,Ta2O5,199.0447828
1100,mvc-5948,MgTi2O4,161.5773233
1101,mvc-6590,TiO2,209.403619
1102,mvc-8242,CaSn2O5,122.4645794
